<?xml version="1.0" encoding="utf-8" ?>
<manifest identifier="Course_ID1" version="1.0" 
       xmlns="http://www.imsproject.org/xsd/imscp_rootv1p1p2"
       xmlns:adlcp="http://www.adlnet.org/xsd/adlcp_rootv1p2"
       xmlns:xsi="http://www.w3.org/2001/XMLSchema-instance"
       xsi:schemaLocation="http://www.imsproject.org/xsd/imscp_rootv1p1p2 imscp_rootv1p1p2.xsd
                           http://www.imsglobal.org/xsd/imsmd_rootv1p2p1 imsmd_rootv1p2p1.xsd
                           http://www.adlnet.org/xsd/adlcp_rootv1p2 adlcp_rootv1p2.xsd">
	<metadata>
		<schema>ADL SCORM</schema>
		<schemaversion>1.2</schemaversion>
		<adlcp:location>metadata.xml</adlcp:location> 
	</metadata>
	<organizations default="Course_ID1_ORG">
		<organization identifier="Course_ID1_ORG">
			<title>Captivate E-Learning Course</title>
			<item identifier="Course_ID1_SCO" isvisible="true" identifierref="Course_ID1_SCO_RES">
				<title>index_SCO_Title</title>
			</item>
			<metadata>
				<schema>ADL SCORM</schema>
				<schemaversion>1.2</schemaversion>
				<adlcp:location>metadata.xml</adlcp:location> 
			</metadata>	
		</organization>
	</organizations>
	<resources>
		<resource identifier="Course_ID1_SCO_RES" type="webcontent" href="index.html" adlcp:scormtype="sco">
			
			<metadata>
				<schema>ADL SCORM</schema>
				<schemaversion>1.2</schemaversion>
				<adlcp:location>metadata.xml</adlcp:location> 
			</metadata>
			
			<file href="assets/htmlimages/Answer_checkbox_correct.png"/>
		    <file href="index.html"/>
			<file href="scormdriver.js"/>
			<file href="browsersniff.js"/>
			
<file href="assets/htmlimages/Answer_checkbox_incorrect.png"/> 
<file href="assets/htmlimages/Answer_radio_correct.png"/> 
<file href="assets/htmlimages/Answer_radio_incorrect.png"/> 
<file href="assets/htmlimages/Download_certificate_icon.svg"/> 
<file href="assets/htmlimages/img_trans.gif"/> 
<file href="assets/js/project.js"/> 
<file href="dist/main.chunk.js"/> 
<file href="dist/main.chunk.js.br"/> 
<file href="dist/runtime-main.bundle.js"/> 
<file href="dist/vendors-main.chunk.js"/> 
<file href="dist/vendors-main.chunk.js.LICENSE.txt"/> 
<file href="dist/vendors-main.chunk.js.br"/> 
<file href="dr/01931.png"/> 
<file href="dr/0487.svg"/> 
<file href="dr/0505.svg"/> 
<file href="dr/0592.png"/> 
<file href="dr/loading.gif"/> 
<file href="goodbye.html"/> 
<file href="index.html"/> 
<file href="Utilities.js"/> 
		</resource>
	</resources>
</manifest>
